{"metadata":{"asset_id":"027b6c60-8dd5-46d3-a6f7-5c96695cde47","asset_attributes":["data_asset"],"name":"dataset_desafio_2.csv","asset_type":"data_asset","created_at":"2020-08-21T10:14:46Z","description":"","origin_country":"us","owner_id":"IBMid-550005J8BR","project_id":"0dd14e9a-ae7c-481a-9bb5-acf7322e8dae","size":1520235,"tags":[],"usage":{"last_update_time":1598004887646,"last_updated_at":"2020-08-21T10:14:47Z"}},"entity":{"data_asset":{"mime_type":"text/csv","dataset":false}},"attachments":[{"id":"681d1357-1444-4997-9bfd-46b01ca83434","version":2,"asset_type":"data_asset","name":"dataset_desafio_2.csv","mime":"text/csv","datasource_type":"193a97c1-4475-4a19-b90c-295c4fdc6517","object_key":"dataset_desafio_2.csv","creator_id":"iam-ServiceId-f49c5558-c247-4983-a04f-7d3c7a3d55da","create_time":1598004887528,"size":1520235,"is_remote":false,"is_managed":false,"is_referenced":true,"is_object_key_read_only":false,"is_user_provided_path_key":true,"transfer_complete":true,"is_partitioned":false,"complete_time_ticks":1598004887528,"user_data":{},"test_doc":0,"handle":{"bucket":"refactoredchallenge2uninassau-donotdelete-pr-emcsev3txh5icb","location":"us-geo","key":"dataset_desafio_2.csv","upload_id":"done","max_part_num":1},"usage":{"access_count":0,"last_accessor_id":"iam-ServiceId-f49c5558-c247-4983-a04f-7d3c7a3d55da","last_access_time":1598004887528}}]}
