{"metadata":{"asset_id":"dc1856be-9dc0-4d20-a5b6-0f4ee2080c6d","asset_attributes":["notebook"],"name":"parte-2","asset_type":"notebook","created_at":"2020-08-21T10:14:48Z","description":"","origin_country":"us","owner_id":"IBMid-550005J8BR","project_id":"0dd14e9a-ae7c-481a-9bb5-acf7322e8dae","size":24880,"tags":["notebook"],"usage":{"last_update_time":1598007549864,"last_updated_at":"2020-08-21T10:59:09Z"}},"entity":{"notebook":{"kernel":{"name":"python3","display_name":"Python 3.6","language":"python"},"originates_from":{"type":"file"},"runtime":{"environment":"conda2py36-0dd14e9a-ae7c-481a-9bb5-acf7322e8dae"}}},"attachments":[{"id":"354225df-8481-4329-b2cd-56a069e53c8f","version":2,"asset_type":"notebook","name":"attachment for notebook dc1856be-9dc0-4d20-a5b6-0f4ee2080c6d","description":"attachment for notebook dc1856be-9dc0-4d20-a5b6-0f4ee2080c6d","mime":"application/json","datasource_type":"193a97c1-4475-4a19-b90c-295c4fdc6517","object_key":"notebook/parte-2_XvWXXx6YQ.ipynb","creator_id":"iam-ServiceId-9e68bc5f-c5f6-4f6f-8bcf-e57f47b9d1b1","create_time":1598004889145,"size":24880,"is_remote":false,"is_managed":false,"is_referenced":true,"is_object_key_read_only":false,"is_user_provided_path_key":true,"transfer_complete":true,"is_partitioned":false,"complete_time_ticks":1598004889145,"user_data":{},"test_doc":0,"handle":{"bucket":"refactoredchallenge2uninassau-donotdelete-pr-emcsev3txh5icb","location":"us-geo","key":"notebook/parte-2_XvWXXx6YQ.ipynb","upload_id":"done","max_part_num":1},"usage":{"access_count":0,"last_accessor_id":"iam-ServiceId-9e68bc5f-c5f6-4f6f-8bcf-e57f47b9d1b1","last_access_time":1598004889145}}]}
