{"metadata":{"asset_id":"361ac4b9-07c4-4e03-a9ac-bc116bec4a91","asset_attributes":["notebook"],"name":"parte-1","asset_type":"notebook","created_at":"2020-08-21T10:14:48Z","description":"","origin_country":"us","owner_id":"IBMid-550005J8BR","project_id":"0dd14e9a-ae7c-481a-9bb5-acf7322e8dae","size":24680,"tags":["notebook"],"usage":{"last_update_time":1598006533067,"last_updated_at":"2020-08-21T10:42:13Z"}},"entity":{"notebook":{"kernel":{"name":"python3","display_name":"Python 3.6","language":"python"},"originates_from":{"type":"file"},"runtime":{"environment":"conda2py36-0dd14e9a-ae7c-481a-9bb5-acf7322e8dae"}}},"attachments":[{"id":"87837f03-aecf-49d3-873c-70b0c9a97556","version":2,"asset_type":"notebook","name":"attachment for notebook 361ac4b9-07c4-4e03-a9ac-bc116bec4a91","description":"attachment for notebook 361ac4b9-07c4-4e03-a9ac-bc116bec4a91","mime":"application/json","datasource_type":"193a97c1-4475-4a19-b90c-295c4fdc6517","object_key":"notebook/parte-1_XTm42MgVg.ipynb","creator_id":"iam-ServiceId-9e68bc5f-c5f6-4f6f-8bcf-e57f47b9d1b1","create_time":1598004888662,"size":24680,"is_remote":false,"is_managed":false,"is_referenced":true,"is_object_key_read_only":false,"is_user_provided_path_key":true,"transfer_complete":true,"is_partitioned":false,"complete_time_ticks":1598004888662,"user_data":{},"test_doc":0,"handle":{"bucket":"refactoredchallenge2uninassau-donotdelete-pr-emcsev3txh5icb","location":"us-geo","key":"notebook/parte-1_XTm42MgVg.ipynb","upload_id":"done","max_part_num":1},"usage":{"access_count":0,"last_accessor_id":"iam-ServiceId-9e68bc5f-c5f6-4f6f-8bcf-e57f47b9d1b1","last_access_time":1598004888662}}]}
