{"metadata":{"asset_id":"a137277d-dff1-48d6-bc9d-0a3ac4efc334","asset_attributes":["notebook"],"name":"parte-1","asset_type":"notebook","created_at":"2020-08-10T23:30:20Z","description":"","origin_country":"us","owner_id":"IBMid-550005J8BR","project_id":"95718d2a-4335-4a12-a06a-0327ef99af69","size":21443,"tags":["notebook"],"usage":{"last_update_time":1597271014783,"last_updated_at":"2020-08-12T22:23:34Z"}},"entity":{"notebook":{"kernel":{"name":"python3","display_name":"Python 3.6","language":"python"},"originates_from":{"type":"file"},"runtime":{"environment":"conda2py36-95718d2a-4335-4a12-a06a-0327ef99af69"}}},"attachments":[{"id":"626f7d87-1c64-4233-a05d-0d60521cdc5f","version":2,"asset_type":"notebook","name":"attachment for notebook a137277d-dff1-48d6-bc9d-0a3ac4efc334","description":"attachment for notebook a137277d-dff1-48d6-bc9d-0a3ac4efc334","mime":"application/json","datasource_type":"193a97c1-4475-4a19-b90c-295c4fdc6517","object_key":"notebook/parte-1_XTm42MgVg.ipynb","creator_id":"IBMid-550005J8BR","create_time":1597102221272,"size":21443,"is_remote":false,"is_managed":false,"is_referenced":true,"is_object_key_read_only":false,"is_user_provided_path_key":true,"transfer_complete":true,"is_partitioned":false,"complete_time_ticks":1597102221272,"user_data":{},"test_doc":0,"handle":{"bucket":"teste2uninassau-donotdelete-pr-mbiz2fpndnmccc","location":"us-geo","key":"notebook/parte-1_XTm42MgVg.ipynb","upload_id":"done","max_part_num":1},"usage":{"access_count":0,"last_accessor_id":"IBMid-550005J8BR","last_access_time":1597102221272}}]}
